,Name,Price,Location,Date
0,Nowa Ghost of Tsushima Edycja Kolekcjonerska - Playstation 4 - PS4,699.99,"Kraków, Podgórze",2020-11-7
1,"Konsola PS4 Pro + 3 Gry TLOU2, FF7 Remake, Ghost of Tsushima",1200,Elbląg,2020-11-6
2,Ghost of Tsushima PS4,180,"Wrocław, Fabryczna",2020-11-7
3,Ghost of tsushima ps4,190,"Kraków, Prądnik Biały",2020-11-7
4,Ghost Of Tsushima - Edycja Kolekcjonerska [PS4] (DUBBING PL),999.90,Dąbrowa Górnicza,2020-11-7
5,Ghost Of Tsushima PS4 STAN IDEALNY,149,Ustanów,2020-11-7
6,Nowa Ghost of Tsushima Edycja Kolekcjonerska - Playstation 4 - PS4,699.99,"Kraków, Podgórze",2020-11-7
7,Gra Ghost of Tsushima PL nowa folia! Ps4 * Sklep CHORZÓW,229,Chorzów,2020-11-7
8,Ghost of Tsushima ps4,150,Szlachta,2020-11-7
9,Ghost of tsushima ps4 pl,150,Malbork,2020-11-6
10,Ghost Of Tsushima PlayStation 4 PS4,140,Oława,2020-11-6
11,Gra PS4 Ghost of Tsushima Edycja Standardowa,259,"Łódź, Śródmieście",2020-11-6
12,PS4 Ghost of Tsushima PL Nowa Playstation 4,229,Buk,2020-11-6
13,"Konsola PS4 Pro + 3 Gry TLOU2, FF7 Remake, Ghost of Tsushima",1200,Elbląg,2020-11-6
14,PS 4 GRA Ghost of tsushima,200,"Gdynia, Obłuże",2020-11-5
15,PS4 500GB Gry Ghost of Tsushima Uncharted Fifa Call of Duty Pad,600,Iława,2020-11-5
16,Gra ghost of tsushima ps4 pl lub zamienie za watch dogs legion,170,Brzeg Dolny,2020-11-5
17,Ghost of tsushima PS4,150,Buków,2020-11-4
18,Ghost of Tsushima ps4,150,Chorzów,2020-11-4
19,PS4 Ghost of Tsushima Edycja Kolekcjonerska PL Playstation 4 Nowa,850,Buk,2020-11-4
20,Ghost of Tsushima PS4 EN/PL,170,"Białystok, Jaroszówka",2020-11-4
21,"Lombard na Lewara Gra PS4 ""Ghost of Tsushima""",169,Wałbrzych,2020-11-4
22,Ghost of tsushima PS4,170,Pułankowice,2020-11-3
23,"PS4 Pro 1 TB 2 pady 4 gry (Ghost of Tsushima, Until Dawn)",1300,Chorzów,2020-11-3
24,Ghost of Tsushima Ps4 PL Gwarancja,199,Koszalin,2020-11-3
25,Ghost of Tsushima PS4 stan idealny!,199,Lublin,2020-11-3
26,Ghost of Tsushima Wydanie Specjalne Steelbook PS4,300,Toruń,2020-11-3
27,Ghost of Tsushima PS4 PL,170,Nowy Dwór Gdański,2020-11-2
28,Ghost of Tsushima PS4 Kupno/Sprzedaż/Wymiana Lara Games,209,Bydgoszcz,2020-11-2
29,Ghost of Tsushima PL Ps4,170,Świdnica,2020-11-2
30,Ghost of Tsushima PS4 / PL,180,"Warszawa, Bemowo",2020-11-1
31,Ghost Of Tsushima Edycja Specjalna PL. - Ps4,230,Koszalin,2020-11-1
32,Ghost of Tsushima - PS4,179,Strzelce Opolskie,2020-11-1
33,[Tomsi.pl] Ghost Of Tsushima PL PS4 PlayStation 4,190,"Łódź, Górna",2020-10-31
34,Ghost of Tsushima PS4 + Slim + Pro = PŁYTA PL Wejherowo / Wymiana,219.19,Wejherowo,2020-10-31
35,"PlayStation Ps 4 NBA 2K 21, Marvel Avengers, Ghost of Tsushima! Wymian",169,"Katowice, Zarzecze",2020-10-31
36,Gra GHOST OF TSUSHIMA PL PS4 / Nowa / Folia / Sklep / Dubbing pl!,239,"Poznań, Piątkowo",2020-10-28
37,GHOST OF TSUSHIMA / NOWA / GRA PS4 / Polska wersja / Kraków,249,"Kraków, Prądnik Czerwony",2020-10-28
38,The Last of US 2 PL PS4 możliwa zamiana za ghost tsushima,160,Łomża,2020-10-27
39,Nowa Ghost of Tsushima Edycja Kolekcjonerska - Playstation 4 - PS4,699.99,"Kraków, Podgórze",2020-11-7
40,"Konsola PS4 Pro + 3 Gry TLOU2, FF7 Remake, Ghost of Tsushima",1200,Elbląg,2020-11-6
41,Ghost of Tsushima Ps4 PL,170,Żagań,2020-10-27
42,Ghost of Tsushima PL PS4 Opole DT Ziemowit,229,Opole,2020-10-27
43,"PlayStation Ps 4 The Last Of Us 1, 2, Ghost of Tsushima, Metro Redox!",50,"Katowice, Zarzecze",2020-10-25
44,PS4 Ghost of Tsushima PL Dubbing Playstation 4,199,Buk,2020-10-24
45,Ghost of Tsushima edycka kolekcjonerska PS4 nowa,500,"Katowice, Wełnowiec-Józefowiec",2020-10-23
46,The Last Of Us II pl Stan ideał /Ghost of Tsushima 190zł (Pro ps4 1200,185,Bochnia,2020-10-18
47,Ghost of tsushima ps4,180,Wałbrzych,2020-10-17
48,Ghost of Tsushima PS4 Wersja PL Dostępna już Dziś. !,249,Sosnowiec,2020-10-16
49,Ghost of Tsushima Edycja Kolekcjonerska PS4 PL,1340,Syców,2020-10-16
50,-Games Zone -Ghost of TSUSHIMA PL| PS4,220,Tomaszów Mazowiecki,2020-10-16
51,Ghost of Tsushima PS4 Nowa Kraków,229,"Kraków, Zwierzyniec",2020-10-15
52,Timex TW5M 18200 lub zamiana z ghost of tsushima ps4,180,Jaworzno,2020-10-11
53,Ghost of Tsushima PS4 PL j.Nowa Sklep Promocja Wysyłka WYMIANA BEMOWO,199,"Warszawa, Bemowo",2020-10-10
